pdb,pose,score
4eor,1,-9.399
4eor,2,-9.348
4eor,3,-9.281
4eor,4,-9.147
4eor,5,-9.018
4eor,6,-8.862
4eor,7,-8.663
4eor,8,-8.636
4eor,9,-8.392
2qbq,1,-8.305
2qbq,2,-8.294
2qbq,3,-8.26
2qbq,4,-8.233
2qbq,5,-8.218
2qbq,6,-7.904
2qbq,7,-7.775
2qbq,8,-7.685
2qbq,9,-7.558
2qbq,10,-7.32
3g2n,1,-9.34
3g2n,2,-9.324
3g2n,3,-8.419
3g2n,4,-8.388
3g2n,5,-8.044
3g2n,6,-7.625
3g2n,7,-7.566
3g2n,8,-7.519
3g2n,9,-7.375
3g2n,10,-7.335
1ydr,1,-8.329
1ydr,2,-8.019
1ydr,3,-7.974
1ydr,4,-7.96
1ydr,5,-7.907
1ydr,6,-7.641
1ydr,7,-7.434
1ydr,8,-7.303
1ydr,9,-7.279
1ydr,10,-7.124
3uev,1,-6.626
3uev,2,-6.506
3uev,3,-6.466
3uev,4,-6.432
3uev,5,-6.353
3uev,6,-6.048
3uev,7,-5.974
3uev,8,-5.827
3uev,9,-5.74
3uev,10,-5.727
2xnb,1,-10.84
2xnb,2,-9.875
2xnb,3,-9.852
2xnb,4,-9.839
2xnb,5,-9.43
2xnb,6,-9.423
2xnb,7,-9.42
2xnb,8,-9.261
2xnb,9,-9.074
2xnb,10,-9.029
3qqs,1,-8.669
3qqs,2,-8.626
3qqs,3,-8.407
3qqs,4,-8.402
3qqs,5,-8.285
3qqs,6,-8.273
3qqs,7,-7.683
3qqs,8,-7.639
3qqs,9,-7.561
3qqs,10,-7.398
1w4o,1,-6.835
1w4o,2,-6.285
1w4o,3,-5.668
1w4o,4,-5.591
1w4o,5,-5.565
1w4o,6,-5.536
1w4o,7,-5.518
1w4o,8,-5.414
1w4o,9,-5.359
1w4o,10,-5.299
4jxs,1,-7.681
4jxs,2,-7.658
4jxs,3,-7.588
4jxs,4,-7.578
4jxs,5,-7.572
4jxs,6,-7.552
4jxs,7,-7.335
4jxs,8,-7.276
4jxs,9,-7.201
4jxs,10,-7.04
3zsx,1,-7.799
3zsx,2,-7.719
3zsx,3,-7.55
3zsx,4,-7.526
3zsx,5,-7.415
3zsx,6,-7.397
3zsx,7,-7.344
3zsx,8,-7.125
3zsx,9,-7.072
3zsx,10,-7.009
3l7b,1,-8.984
3l7b,2,-7.781
3l7b,3,-7.725
3l7b,4,-7.34
3l7b,5,-7.18
3l7b,6,-7.134
3l7b,7,-6.622
3l7b,8,-6.356
3l7b,9,-6.337
3l7b,10,-6.123
3pww,1,-11.412
3pww,2,-11.389
3pww,3,-11.357
3pww,4,-11.03
3pww,5,-10.865
3pww,6,-10.362
3pww,7,-10.355
3pww,8,-10.226
3pww,9,-10.186
3pww,10,-10.171
4ih5,1,-6.783
4ih5,2,-6.625
4ih5,3,-6.545
4ih5,4,-6.504
4ih5,5,-6.473
4ih5,6,-6.347
4ih5,7,-6.326
4ih5,8,-6.23
4ih5,9,-6.227
4ih5,10,-6.184
4mme,1,-10.189
4mme,2,-7.725
4mme,3,-7.524
4mme,4,-7.439
4mme,5,-7.385
4mme,6,-7.347
4mme,7,-7.345
4de1,1,-8.387
4de1,2,-8.343
4de1,3,-7.946
4de1,4,-7.569
4de1,5,-7.565
4de1,6,-7.533
4de1,7,-7.454
4de1,8,-7.428
4de1,9,-7.339
4de1,10,-7.294
3gc5,1,-9.808
3gc5,2,-8.181
3gc5,3,-7.754
3gc5,4,-7.741
3gc5,5,-7.56
3gc5,6,-7.286
3gc5,7,-6.966
3gc5,8,-6.936
3gc5,9,-6.87
4djv,1,-10.032
4djv,2,-9.215
4djv,3,-9.056
4djv,4,-8.955
4djv,5,-8.892
4djv,6,-8.801
4djv,7,-8.788
4djv,8,-8.719
4djv,9,-8.716
4djv,10,-8.553
2vvn,1,-7.31
2vvn,2,-7.012
2vvn,3,-6.959
2vvn,4,-6.826
2vvn,5,-6.114
2vvn,6,-5.965
2vvn,7,-5.253
2vvn,8,-5.041
2vvn,9,-4.939
3b68,1,-11.548
3b68,2,-9.572
1owh,1,-8.477
1owh,2,-8.337
1owh,3,-8.225
1owh,4,-7.939
1owh,5,-7.849
1owh,6,-7.695
1owh,7,-7.272
1owh,8,-7.164
1owh,9,-7.045
1owh,10,-6.948
4dld,1,-8.487
4dld,2,-8.177
4dld,3,-8.121
4dld,4,-8.111
4dld,5,-8.066
4dld,6,-8.028
4dld,7,-8.024
4dld,8,-7.83
4dld,9,-7.722
4dld,10,-7.598
2zda,1,-9.928
2zda,2,-9.916
2zda,3,-8.66
2zda,4,-8.339
2zda,5,-8.271
2zda,6,-7.787
2zda,7,-7.768
2zda,8,-7.686
2zda,9,-7.639
2zda,10,-7.523
1g2k,1,-11.864
1g2k,2,-11.403
1g2k,3,-10.392
1g2k,4,-10.167
1g2k,5,-9.663
1g2k,6,-9.509
1g2k,7,-9.493
1g2k,8,-9.476
1g2k,9,-9.381
1g2k,10,-9.249
4gr0,1,-11.801
4gr0,2,-11.701
4gr0,3,-11.475
4gr0,4,-11.433
4gr0,5,-11.391
4gr0,6,-11.378
4gr0,7,-11.046
4gr0,8,-10.986
4gr0,9,-10.882
4gr0,10,-10.521
2vw5,1,-10.323
2vw5,2,-7.529
3gv9,1,-5.054
3gv9,2,-5.005
3gv9,3,-4.929
3gv9,4,-4.902
3gv9,5,-4.846
3gv9,6,-4.73
3gv9,7,-4.724
3gv9,8,-4.645
3gv9,9,-4.552
2fxs,1,-6.832
2fxs,2,-6.815
2fxs,3,-6.808
2fxs,4,-6.598
2fxs,5,-6.528
2fxs,6,-6.491
2fxs,7,-6.488
2fxs,8,-6.409
2fxs,9,-6.31
2fxs,10,-6.254
4f09,1,-8.361
4f09,2,-7.721
4f09,3,-7.677
4f09,4,-7.644
4f09,5,-7.356
4f09,6,-7.253
4f09,7,-7.126
4f09,8,-6.607
4f09,9,-6.461
4f09,10,-6.312
4de3,1,-8.654
4de3,2,-8.536
4de3,3,-7.884
4de3,4,-7.804
4de3,5,-7.793
4de3,6,-7.637
4de3,7,-7.598
4de3,8,-7.371
4de3,9,-7.305
4de3,10,-7.281
3rsx,1,-7.525
3rsx,2,-7.507
3rsx,3,-7.418
3rsx,4,-7.399
3rsx,5,-7.375
3rsx,6,-7.374
3rsx,7,-7.199
3rsx,8,-6.987
3rsx,9,-6.79
3rsx,10,-6.687
3u8n,1,-7.601
3u8n,2,-6.303
3u8n,3,-5.661
3u8n,4,-5.478
3u8n,5,-5.317
2cet,1,-9.29
2cet,2,-8.924
2cet,3,-8.878
2cet,4,-8.698
2cet,5,-8.647
2cet,6,-8.598
2cet,7,-8.595
2cet,8,-8.495
2cet,9,-8.132
2cet,10,-7.899
5c2h,1,-9.888
5c2h,2,-9.867
5c2h,3,-9.833
5c2h,4,-9.684
5c2h,5,-9.59
5c2h,6,-9.56
5c2h,7,-9.449
5c2h,8,-9.278
5c2h,9,-9.193
5c2h,10,-9.163
5c28,1,-6.347
5c28,2,-6.083
5c28,3,-5.978
5c28,4,-5.926
5c28,5,-5.789
5c28,6,-5.506
5c28,7,-5.49
5c28,8,-5.434
5c28,9,-5.283
3zt2,1,-9.486
3zt2,2,-8.508
3zt2,3,-8.476
3zt2,4,-8.371
3zt2,5,-8.014
3zt2,6,-7.937
3zt2,7,-7.937
3zt2,8,-7.772
3zt2,9,-7.682
3zt2,10,-7.661
2r9w,1,-10.266
2r9w,2,-9.708
2r9w,3,-9.571
2r9w,4,-9.318
2r9w,5,-9.286
2r9w,6,-9.119
2r9w,7,-8.985
2r9w,8,-8.966
2r9w,9,-8.941
2r9w,10,-8.92
2br1,1,-8.283
2br1,2,-8.212
2br1,3,-7.999
2br1,4,-7.904
2br1,5,-7.864
2br1,6,-7.734
2br1,7,-7.699
2br1,8,-7.628
2br1,9,-7.551
2br1,10,-7.405
3f3e,1,-6.634
3f3e,2,-6.631
3f3e,3,-5.326
3f3e,4,-4.695
3f3e,5,-4.495
3f3e,6,-4.324
3f3e,7,-4.232
3f3e,8,-4.184
3f3e,9,-4.125
1ydt,1,-9.184
1ydt,2,-8.98
1ydt,3,-8.978
1ydt,4,-8.913
1ydt,5,-8.885
1ydt,6,-8.874
1ydt,7,-8.767
1ydt,8,-8.729
1ydt,9,-8.722
1ydt,10,-8.616
2zcq,1,-9.514
2zcq,2,-9.501
2zcq,3,-9.476
2zcq,4,-9.4
2zcq,5,-9.371
2zcq,6,-9.298
2zcq,7,-9.292
2zcq,8,-9.233
2zcq,9,-9.224
2zcq,10,-9.155
1qf1,1,-7.834
1qf1,2,-7.37
1qf1,3,-6.679
1qf1,4,-6.675
1qf1,5,-6.67
1qf1,6,-6.621
1qf1,7,-6.421
1qf1,8,-6.411
1qf1,9,-6.289
1qf1,10,-6.147
5a7b,1,-7.303
5a7b,2,-7.162
5a7b,3,-7.122
5a7b,4,-6.532
5a7b,5,-6.518
5a7b,6,-6.068
5a7b,7,-5.994
5a7b,8,-5.981
5a7b,9,-5.847
5a7b,10,-5.835
4j3l,1,-11.595
4j3l,2,-11.342
4j3l,3,-10.31
4j3l,4,-9.692
4j3l,5,-9.009
4j3l,6,-8.958
4j3l,7,-8.953
3ary,1,-7.781
3ary,2,-7.729
3ary,3,-7.713
3ary,4,-7.637
3ary,5,-7.596
3ary,6,-7.52
3ary,7,-7.435
3ary,8,-7.422
3ary,9,-7.402
2fvd,1,-8.853
2fvd,2,-8.812
2fvd,3,-8.732
2fvd,4,-8.673
2fvd,5,-8.655
2fvd,6,-8.533
2fvd,7,-8.42
2fvd,8,-8.406
2fvd,9,-8.313
2fvd,10,-8.219
4qd6,1,-8.508
4qd6,2,-8.027
4qd6,3,-8.0
4qd6,4,-7.977
4qd6,5,-7.947
4qd6,6,-7.807
4qd6,7,-7.737
4qd6,8,-7.726
4qd6,9,-7.658
4qd6,10,-7.604
3gbb,1,-9.177
3gbb,2,-7.681
3gbb,3,-6.894
3gbb,4,-6.467
3gbb,5,-6.296
3gbb,6,-6.276
4agn,1,-6.183
4agn,2,-6.075
4agn,3,-5.491
4agn,4,-5.328
4agn,5,-5.325
4agn,6,-5.029
4agn,7,-4.998
4agn,8,-4.926
4agn,9,-4.795
4agn,10,-4.743
4gfm,1,-7.852
4gfm,2,-7.818
4gfm,3,-7.695
4gfm,4,-7.68
4gfm,5,-7.653
4gfm,6,-7.623
4gfm,7,-7.018
4gfm,8,-6.969
4gfm,9,-6.895
3fur,1,-11.668
3fur,2,-11.524
3fur,3,-10.18
3fur,4,-9.691
3fur,5,-9.532
3fur,6,-8.866
3fv2,1,-9.965
3fv2,2,-8.012
2ymd,1,-7.481
2ymd,2,-6.692
2ymd,3,-6.364
2ymd,4,-6.249
2ymd,5,-5.322
2ymd,6,-5.122
3jvr,1,-7.772
3jvr,2,-6.976
3jvr,3,-6.699
3jvr,4,-6.686
3jvr,5,-6.654
3jvr,6,-6.576
3jvr,7,-6.441
3jvr,8,-6.35
3jvr,9,-6.236
3jvr,10,-6.166
3ehy,1,-7.349
3ehy,2,-7.206
3ehy,3,-7.162
3ehy,4,-7.113
3ehy,5,-7.056
3ehy,6,-6.743
3ehy,7,-6.58
3ehy,8,-6.502
3ehy,9,-6.457
3ehy,10,-6.408
3ao4,1,-7.605
3ao4,2,-7.007
3ao4,3,-6.943
3ao4,4,-6.893
3ao4,5,-6.847
3ao4,6,-6.828
3ao4,7,-6.547
3ao4,8,-6.456
3ao4,9,-6.328
3ao4,10,-6.075
2qbr,1,-8.42
2qbr,2,-8.41
2qbr,3,-8.398
2qbr,4,-8.071
2qbr,5,-8.035
2qbr,6,-7.791
2qbr,7,-7.791
2qbr,8,-7.732
2qbr,9,-7.704
2qbr,10,-7.623
4agp,1,-6.698
4agp,2,-6.669
4agp,3,-6.663
4agp,4,-6.626
4agp,5,-6.495
4agp,6,-5.834
4agp,7,-5.788
4agp,8,-5.606
4agp,9,-5.564
4agp,10,-5.431
4ogj,1,-8.17
4ogj,2,-8.081
4ogj,3,-8.078
4ogj,4,-8.065
4ogj,5,-8.054
4ogj,6,-7.791
4ogj,7,-7.721
4ogj,8,-7.72
4ogj,9,-7.7
4ogj,10,-7.669
4k18,1,-10.826
4k18,2,-10.305
4k18,3,-10.09
4k18,4,-10.016
4k18,5,-9.985
4k18,6,-9.841
4k18,7,-9.747
4k18,8,-9.709
4k18,9,-9.56
4k18,10,-9.552
3ui7,1,-8.753
3ui7,2,-8.493
3ui7,3,-8.193
3ui7,4,-7.994
3ui7,5,-7.909
3ui7,6,-7.829
3ui7,7,-7.671
3ui7,8,-7.622
3ui7,9,-7.573
3ui7,10,-7.571
1vso,1,-7.218
1vso,2,-7.197
1vso,3,-6.882
1vso,4,-6.813
1vso,5,-6.659
1vso,6,-6.624
1vso,7,-6.573
1vso,8,-6.571
1vso,9,-6.502
1vso,10,-6.391
3fv1,1,-9.983
4e5w,1,-10.583
4e5w,2,-8.611
4e5w,3,-8.368
4e5w,4,-8.172
4e5w,5,-7.768
2v7a,1,-10.105
2v7a,2,-10.066
2v7a,3,-10.057
2v7a,4,-8.787
2v7a,5,-8.691
2v7a,6,-8.521
2v7a,7,-8.342
2v7a,8,-8.306
2v7a,9,-8.195
2v7a,10,-8.162
1a30,1,-7.244
1a30,2,-7.215
1a30,3,-7.199
1a30,4,-7.199
1a30,5,-7.184
1a30,6,-7.141
1a30,7,-7.095
1a30,8,-7.075
1a30,9,-6.999
1a30,10,-6.982
1ps3,1,-7.976
1ps3,2,-6.375
1ps3,3,-6.35
1ps3,4,-6.314
1ps3,5,-6.162
1ps3,6,-6.046
1ps3,7,-5.996
1ps3,8,-5.868
1ps3,9,-5.867
1ps3,10,-5.85
1e66,1,-12.398
2al5,1,-8.874
2al5,2,-7.381
2al5,3,-6.835
2al5,4,-6.458
2al5,5,-6.177
2al5,6,-5.967
1u1b,1,-9.001
1u1b,2,-8.944
1u1b,3,-8.87
1u1b,4,-8.824
1u1b,5,-8.8
1u1b,6,-8.776
1u1b,7,-8.755
1u1b,8,-8.609
1u1b,9,-8.587
1u1b,10,-8.504
3utu,1,-10.275
3utu,2,-10.116
3utu,3,-10.063
3utu,4,-9.933
3utu,5,-9.773
3utu,6,-9.648
3utu,7,-9.222
3utu,8,-9.147
3utu,9,-9.102
3utu,10,-9.042
3ryj,1,-7.491
3ryj,2,-7.488
3ryj,3,-7.24
3ryj,4,-7.214
3ryj,5,-6.892
3ryj,6,-6.816
3ryj,7,-6.767
3ryj,8,-6.551
3ryj,9,-6.493
3ryj,10,-6.42
2x00,1,-13.534
4wiv,1,-8.629
4wiv,2,-8.578
4wiv,3,-8.552
4wiv,4,-8.488
4wiv,5,-7.853
4wiv,6,-7.789
4wiv,7,-7.786
4wiv,8,-7.7
4wiv,9,-7.597
4w9i,1,-8.575
4w9i,2,-7.248
4w9i,3,-7.118
4w9i,4,-7.083
4w9i,5,-6.897
4w9i,6,-6.688
4w9i,7,-6.687
4w9i,8,-6.641
4w9i,9,-6.606
4w9i,10,-6.398
4cr9,1,-6.919
4cr9,2,-6.447
4cr9,3,-6.251
4cr9,4,-5.973
4cr9,5,-5.973
4cr9,6,-5.807
4cr9,7,-5.496
4cr9,8,-5.306
4cr9,9,-5.281
4cr9,10,-5.258
4u4s,1,-6.412
4u4s,2,-6.394
4u4s,3,-6.276
4u4s,4,-6.276
4u4s,5,-5.95
4u4s,6,-5.792
4u4s,7,-5.384
4u4s,8,-5.338
4u4s,9,-5.213
3dx1,1,-6.777
3dx1,2,-5.711
3dx1,3,-5.457
3dx1,4,-5.395
3dx1,5,-4.979
3dx1,6,-4.79
3dx1,7,-4.589
3dx1,8,-4.407
3dx1,9,-4.112
3k5v,1,-9.915
3k5v,2,-9.771
3k5v,3,-9.654
3k5v,4,-9.571
3k5v,5,-9.392
3k5v,6,-9.098
3k5v,7,-9.085
3k5v,8,-9.012
3k5v,9,-8.898
3k5v,10,-8.637
1oyt,1,-10.975
1oyt,2,-9.435
1oyt,3,-9.187
1oyt,4,-8.951
1oyt,5,-8.634
1oyt,6,-8.536
1oyt,7,-8.435
1oyt,8,-8.27
1oyt,9,-8.269
1oyt,10,-8.141
1qkt,1,-10.492
1qkt,2,-9.792
1qkt,3,-8.781
1qkt,4,-8.487
1qkt,5,-8.465
1qkt,6,-8.312
1qkt,7,-7.877
3zso,1,-8.674
3zso,2,-8.15
3zso,3,-7.967
3zso,4,-7.92
3zso,5,-7.915
3zso,6,-7.749
3zso,7,-7.74
3zso,8,-7.696
3zso,9,-7.614
3zso,10,-7.567
4ty7,1,-10.086
4ty7,2,-10.046
4ty7,3,-9.896
4ty7,4,-9.665
4ty7,5,-9.367
4ty7,6,-9.258
4ty7,7,-9.115
4ty7,8,-9.112
4ty7,9,-9.081
4ty7,10,-9.047
1yc1,1,-9.978
1yc1,2,-8.49
1yc1,3,-8.326
1yc1,4,-7.889
1yc1,5,-7.786
1yc1,6,-7.716
1yc1,7,-7.643
1yc1,8,-7.613
1yc1,9,-7.471
4tmn,1,-8.496
4tmn,2,-8.478
4tmn,3,-8.417
4tmn,4,-8.287
4tmn,5,-8.245
4tmn,6,-8.088
4tmn,7,-7.999
4tmn,8,-7.949
4tmn,9,-7.886
4tmn,10,-7.746
1k1i,1,-9.26
1k1i,2,-9.183
1k1i,3,-8.947
1k1i,4,-8.455
1k1i,5,-8.314
1k1i,6,-8.216
1k1i,7,-8.191
1k1i,8,-8.181
1k1i,9,-8.063
1k1i,10,-7.984
3r88,1,-5.738
3r88,2,-5.658
3r88,3,-5.554
3r88,4,-5.551
3r88,5,-5.546
3r88,6,-5.488
3r88,7,-5.446
3r88,8,-5.401
3r88,9,-5.363
3r88,10,-5.321
3f3c,1,-7.914
3f3c,2,-7.813
3f3c,3,-7.544
3f3c,4,-7.54
3f3c,5,-6.66
1nvq,1,-11.9
1nvq,2,-11.655
1nvq,3,-10.408
1nvq,4,-9.739
1nvq,5,-9.67
1nvq,6,-9.656
1nvq,7,-9.598
1nvq,8,-9.555
1nvq,9,-9.549
1nvq,10,-9.547
4de2,1,-8.36
4de2,2,-8.226
4de2,3,-8.15
4de2,4,-7.72
4de2,5,-7.637
4de2,6,-7.458
4de2,7,-7.354
4de2,8,-7.265
4de2,9,-7.188
4de2,10,-7.136
3dx2,1,-6.933
3dx2,2,-5.667
3dx2,3,-5.152
3dx2,4,-5.152
3dx2,5,-5.145
3dx2,6,-5.136
3dx2,7,-4.968
3dx2,8,-4.845
3dx2,9,-4.841
3e92,1,-12.754
3e92,2,-9.993
2w4x,1,-7.327
2w4x,2,-7.326
2w4x,3,-6.904
2w4x,4,-6.901
2w4x,5,-6.676
2w4x,6,-6.604
2w4x,7,-6.542
2w4x,8,-6.407
2w4x,9,-6.192
2w4x,10,-6.191
1sqa,1,-9.066
1sqa,2,-9.004
1sqa,3,-8.902
1sqa,4,-8.545
1sqa,5,-8.248
1sqa,6,-8.192
1sqa,7,-8.052
1sqa,8,-8.024
1sqa,9,-7.928
1sqa,10,-7.918
3uex,1,-7.27
3uex,2,-7.25
3uex,3,-7.117
3uex,4,-7.115
3uex,5,-6.797
3uex,6,-6.714
3uex,7,-6.702
3uex,8,-6.568
3uex,9,-6.532
3uex,10,-6.374
2qe4,1,-9.954
2qe4,2,-9.032
2qe4,3,-7.166
3u5j,1,-8.923
3u5j,2,-8.284
3u5j,3,-8.273
3u5j,4,-7.933
3u5j,5,-7.387
3u5j,6,-7.365
3u5j,7,-7.174
3u5j,8,-7.171
3u5j,9,-7.07
3u5j,10,-7.063
3oe5,1,-9.791
3oe5,2,-8.634
3oe5,3,-8.498
3oe5,4,-8.071
3oe5,5,-7.997
3oe5,6,-7.824
3oe5,7,-7.787
3oe5,8,-7.589
3oe5,9,-7.566
3oe5,10,-7.533
3coy,1,-10.515
3coy,2,-10.149
3coy,3,-9.86
3coy,4,-9.66
3coy,5,-9.261
3coy,6,-8.808
3coy,7,-8.675
3coy,8,-8.665
3coy,9,-8.655
3coy,10,-8.518
3gr2,1,-5.887
3gr2,2,-5.609
3gr2,3,-5.584
3gr2,4,-5.583
3gr2,5,-5.583
3gr2,6,-5.347
3gr2,7,-5.286
3gr2,8,-5.247
3gr2,9,-5.227
4lzs,1,-6.028
4lzs,2,-5.983
4lzs,3,-5.516
4lzs,4,-5.493
4lzs,5,-5.481
4lzs,6,-5.439
4lzs,7,-5.362
4lzs,8,-5.361
4lzs,9,-5.268
4lzs,10,-5.248
4m0z,1,-11.08
4m0z,2,-9.809
4m0z,3,-9.768
4m0z,4,-9.481
4m0z,5,-8.817
3b5r,1,-11.468
3b5r,2,-11.23
3b5r,3,-10.25
2c3i,1,-9.636
2c3i,2,-9.393
2c3i,3,-9.364
2c3i,4,-9.259
2c3i,5,-9.222
2c3i,6,-9.153
2c3i,7,-9.08
2c3i,8,-9.004
2c3i,9,-8.846
2c3i,10,-8.83
3aru,1,-6.513
3aru,2,-6.458
3aru,3,-6.321
3aru,4,-6.292
3aru,5,-6.265
3aru,6,-6.234
3aru,7,-6.168
3aru,8,-6.14
3aru,9,-6.046
3aru,10,-6.016
1pxn,1,-9.244
1pxn,2,-8.595
1pxn,3,-8.528
1pxn,4,-8.392
1pxn,5,-8.389
1pxn,6,-8.289
1pxn,7,-8.272
1pxn,8,-8.195
1pxn,9,-8.136
1pxn,10,-8.053
1h22,1,-11.311
1h22,2,-11.005
1h22,3,-10.825
1h22,4,-10.75
1h22,5,-10.583
1h22,6,-10.505
1h22,7,-10.471
1h22,8,-10.459
1h22,9,-10.424
1h22,10,-10.398
4eo8,1,-7.822
4eo8,2,-6.117
4eo8,3,-5.828
4eo8,4,-5.725
4eo8,5,-5.565
4eo8,6,-5.564
4eo8,7,-5.515
4eo8,8,-5.456
4eo8,9,-5.423
3gy4,1,-6.311
3gy4,2,-6.303
3gy4,3,-5.699
3gy4,4,-5.695
3gy4,5,-5.262
3gy4,6,-5.099
3gy4,7,-5.099
3gy4,8,-4.69
3gy4,9,-4.196
3gy4,10,-4.096
2yge,1,-9.793
3cj4,1,-7.74
3cj4,2,-7.411
3cj4,3,-7.407
3cj4,4,-7.047
3cj4,5,-6.72
3cj4,6,-6.671
3cj4,7,-6.631
3cj4,8,-6.45
3cj4,9,-6.448
3cj4,10,-6.376
4dli,1,-10.042
4dli,2,-9.746
4dli,3,-9.366
4dli,4,-9.159
4dli,5,-8.901
4dli,6,-8.79
4dli,7,-8.519
4dli,8,-7.853
4dli,9,-7.325
4dli,10,-7.204
4ivc,1,-9.949
4ivc,2,-9.632
4ivc,3,-8.335
4ivc,4,-8.174
4ivc,5,-8.113
4ivc,6,-7.776
4ivc,7,-7.732
4ivc,8,-7.677
4ivc,9,-7.552
4ivc,10,-7.338
4f2w,1,-9.283
4owm,1,-5.363
4owm,2,-5.294
4owm,3,-5.234
4owm,4,-5.174
4owm,5,-5.096
4owm,6,-5.052
4owm,7,-5.037
4owm,8,-4.852
4owm,9,-4.797
4owm,10,-4.795
4hge,1,-8.892
4hge,2,-8.683
4hge,3,-8.652
4hge,4,-8.58
4hge,5,-8.465
4hge,6,-8.373
4hge,7,-8.309
4hge,8,-8.163
4hge,9,-8.147
4hge,10,-8.141
1q8u,1,-8.775
1q8u,2,-8.271
1q8u,3,-8.27
1q8u,4,-8.097
1q8u,5,-7.845
1q8u,6,-7.737
1q8u,7,-7.714
1q8u,8,-7.674
1q8u,9,-7.614
1q8u,10,-7.611
1q8t,1,-7.981
1q8t,2,-7.935
1q8t,3,-7.908
1q8t,4,-7.876
1q8t,5,-7.866
1q8t,6,-7.858
1q8t,7,-7.813
1q8t,8,-7.732
1q8t,9,-7.71
1q8t,10,-7.637
3ueu,1,-6.52
3ueu,2,-6.409
3ueu,3,-6.393
3ueu,4,-6.337
3ueu,5,-6.308
3ueu,6,-6.264
3ueu,7,-6.219
3ueu,8,-6.136
3ueu,9,-6.042
3ueu,10,-5.715
1o0h,1,-7.155
1o0h,2,-7.046
1o0h,3,-7.043
1o0h,4,-6.936
1o0h,5,-6.909
1o0h,6,-6.779
1o0h,7,-6.761
1o0h,8,-6.719
1o0h,9,-6.532
1o0h,10,-6.408
4bkt,1,-6.656
4bkt,2,-5.858
4bkt,3,-5.605
4bkt,4,-5.194
4bkt,5,-4.973
4bkt,6,-4.957
4bkt,7,-4.955
4bkt,8,-4.939
4bkt,9,-4.904
4bkt,10,-4.896
3coz,1,-10.185
3coz,2,-10.152
3coz,3,-9.836
3coz,4,-9.656
3coz,5,-9.64
3coz,6,-9.01
3coz,7,-8.91
3coz,8,-8.809
3coz,9,-8.798
3coz,10,-8.553
4m0y,1,-9.362
4m0y,2,-9.276
4m0y,3,-9.273
4m0y,4,-9.176
4m0y,5,-9.145
4m0y,6,-9.13
4m0y,7,-9.06
4m0y,8,-8.783
4m0y,9,-8.771
4m0y,10,-8.62
4ih7,1,-7.476
4ih7,2,-7.203
4ih7,3,-7.196
4ih7,4,-7.15
4ih7,5,-6.964
4ih7,6,-6.918
4ih7,7,-6.76
4ih7,8,-6.758
4ih7,9,-6.729
4ih7,10,-6.675
3up2,1,-9.553
3up2,2,-9.535
3up2,3,-9.496
3up2,4,-9.42
3up2,5,-9.237
3up2,6,-9.016
3up2,7,-8.666
3up2,8,-8.634
3up2,9,-8.629
3up2,10,-8.543
4twp,1,-10.596
4twp,2,-10.512
4twp,3,-10.433
4twp,4,-10.348
4twp,5,-10.149
4twp,6,-9.884
4twp,7,-9.874
4twp,8,-9.843
4twp,9,-9.843
4twp,10,-9.717
3u9q,1,-5.776
3u9q,2,-5.721
3u9q,3,-5.621
3u9q,4,-5.618
3u9q,5,-5.539
3u9q,6,-5.329
3u9q,7,-5.264
3u9q,8,-5.133
3u9q,9,-5.016
3u9q,10,-4.928
2y5h,1,-8.715
2y5h,2,-8.246
2y5h,3,-8.213
2y5h,4,-7.684
2y5h,5,-7.472
2y5h,6,-7.359
2y5h,7,-7.35
2y5h,8,-7.222
2y5h,9,-7.159
3kr8,1,-12.022
3kr8,2,-10.903
3kr8,3,-9.847
3kr8,4,-9.141
3kr8,5,-9.095
2weg,1,-6.7
2weg,2,-6.298
2weg,3,-6.242
2weg,4,-6.189
2weg,5,-5.734
2weg,6,-5.682
2weg,7,-5.622
2weg,8,-5.597
2weg,9,-5.554
2weg,10,-5.475
2wer,1,-8.954
2wer,2,-7.41
2wer,3,-7.158
2wer,4,-7.149
2wer,5,-7.022
2wer,6,-6.896
2wer,7,-6.852
2wer,8,-6.641
2wer,9,-6.592
2wer,10,-6.414
1p1n,1,-8.373
1p1n,2,-7.567
1p1n,3,-7.298
1p1n,4,-7.212
1p1n,5,-7.205
1p1n,6,-6.974
1p1n,7,-6.771
1p1n,8,-6.746
1p1n,9,-6.581
3nx7,1,-7.087
3nx7,2,-6.704
3nx7,3,-6.689
3nx7,4,-6.661
3nx7,5,-6.645
3nx7,6,-6.582
3nx7,7,-6.57
3nx7,8,-6.549
3nx7,9,-6.245
3nx7,10,-6.054
4e6q,1,-9.763
4e6q,2,-9.628
4e6q,3,-9.395
4e6q,4,-9.297
4e6q,5,-9.246
4e6q,6,-9.222
4e6q,7,-8.904
4e6q,8,-8.821
4e6q,9,-8.754
4e6q,10,-8.463
2vkm,1,-11.997
2vkm,2,-11.973
2vkm,3,-10.851
2vkm,4,-10.739
2vkm,5,-10.611
2vkm,6,-10.522
2vkm,7,-10.39
2vkm,8,-10.189
2vkm,9,-9.599
2vkm,10,-9.512
3uo4,1,-10.62
3uo4,2,-10.594
3uo4,3,-10.57
3uo4,4,-10.514
3uo4,5,-10.353
3uo4,6,-10.127
3uo4,7,-10.119
3uo4,8,-10.025
3uo4,9,-9.989
3uo4,10,-9.815
1gpk,1,-10.467
1gpk,2,-10.396
1gpk,3,-10.136
1gpk,4,-9.512
1gpk,5,-8.843
1gpk,6,-8.679
1gpk,7,-8.312
1gpk,8,-8.209
1gpk,9,-7.761
4kzu,1,-12.318
4kzu,2,-10.962
4kzu,3,-9.439
4kzu,4,-9.344
4ivb,1,-10.002
4ivb,2,-8.413
4ivb,3,-8.095
4ivb,4,-7.889
4ivb,5,-7.65
4ivb,6,-7.331
4ivb,7,-7.327
4ivb,8,-7.293
4ivb,9,-7.129
5tmn,1,-9.096
5tmn,2,-8.593
5tmn,3,-8.379
5tmn,4,-8.291
5tmn,5,-8.278
5tmn,6,-8.273
5tmn,7,-8.237
5tmn,8,-8.152
5tmn,9,-8.092
5tmn,10,-8.04
2yki,1,-16.55
2yki,2,-16.153
2yki,3,-14.122
4ciw,1,-8.144
4ciw,2,-7.147
4ciw,3,-7.005
4ciw,4,-6.436
4ciw,5,-6.124
4ciw,6,-5.274
1z95,1,-10.808
1z95,2,-9.811
1z95,3,-9.213
1z95,4,-8.08
2xii,1,-10.26
2xii,2,-9.646
2xii,3,-9.015
2xii,4,-8.967
2xii,5,-8.889
2xii,6,-8.64
2xii,7,-8.634
2xii,8,-8.609
2xii,9,-8.37
2xii,10,-8.087
1r5y,1,-7.425
1r5y,2,-6.796
1r5y,3,-6.056
1r5y,4,-5.976
1r5y,5,-5.846
1r5y,6,-5.771
1r5y,7,-5.643
1r5y,8,-5.573
1r5y,9,-5.508
1r5y,10,-5.498
5dwr,1,-11.075
5dwr,2,-10.608
5dwr,3,-10.546
5dwr,4,-9.969
5dwr,5,-9.633
5dwr,6,-9.613
5dwr,7,-9.603
5dwr,8,-9.495
5dwr,9,-9.485
5dwr,10,-9.461
3ag9,1,-7.908
3ag9,2,-7.699
3ag9,3,-7.514
3ag9,4,-7.394
3ag9,5,-7.379
3ag9,6,-7.333
3ag9,7,-7.314
3ag9,8,-7.28
3ag9,9,-7.237
3ag9,10,-7.204
3b1m,1,-11.022
3b1m,2,-11.011
3b1m,3,-10.048
3b1m,4,-9.885
3b1m,5,-9.502
3b1m,6,-9.353
3b1m,7,-9.157
3b1m,8,-9.008
3b1m,9,-8.913
3b1m,10,-8.87
3arv,1,-11.272
3arv,2,-11.224
3arv,3,-11.203
3arv,4,-11.12
3arv,5,-11.03
3arv,6,-10.936
3arv,7,-10.903
3arv,8,-10.826
3arv,9,-10.726
3dxg,1,-6.359
3dxg,2,-6.043
3dxg,3,-6.029
3dxg,4,-6.007
3dxg,5,-5.965
3dxg,6,-5.872
3dxg,7,-5.798
3dxg,8,-5.791
3dxg,9,-5.772
3dxg,10,-5.752
4ivd,1,-9.433
4ivd,2,-9.186
4ivd,3,-8.416
4ivd,4,-8.334
4ivd,5,-8.218
4ivd,6,-8.067
4ivd,7,-7.392
4ivd,8,-7.212
4ivd,9,-7.204
2xys,1,-11.155
2xys,2,-10.757
2xys,3,-9.767
2xys,4,-8.419
2xys,5,-8.367
2xys,6,-8.221
2wn9,1,-8.478
2wn9,2,-8.289
2wn9,3,-8.276
2wn9,4,-8.267
2wn9,5,-8.199
2wn9,6,-8.095
2wn9,7,-7.982
2wn9,8,-7.979
2wn9,9,-7.903
2wn9,10,-7.901
4kzq,1,-11.106
4kzq,2,-9.353
4kzq,3,-9.333
4kzq,4,-9.309
4kzq,5,-9.3
4w9h,1,-8.973
4w9h,2,-8.72
4w9h,3,-7.469
4w9h,4,-6.893
4w9h,5,-6.805
4w9h,6,-6.74
4w9h,7,-6.699
4w9h,8,-6.692
4w9h,9,-6.602
4w9h,10,-6.389
3arp,1,-9.702
3arp,2,-9.612
3arp,3,-9.453
3arp,4,-9.452
3arp,5,-9.31
3arp,6,-9.291
3arp,7,-9.261
3arp,8,-9.256
3arp,9,-9.223
3arp,10,-9.187
3uuo,1,-8.325
3uuo,2,-8.129
3uuo,3,-7.705
3uuo,4,-7.52
3uuo,5,-7.328
3uuo,6,-7.161
3uuo,7,-7.16
3uuo,8,-7.108
3uuo,9,-7.101
3uuo,10,-7.054
3jvs,1,-8.572
3jvs,2,-8.567
3jvs,3,-8.357
3jvs,4,-8.244
3jvs,5,-7.983
3jvs,6,-7.851
3jvs,7,-7.693
3jvs,8,-7.389
3jvs,9,-7.243
3jvs,10,-7.181
2xj7,1,-8.854
2xj7,2,-7.831
2xj7,3,-6.528
2xj7,4,-6.417
2xj7,5,-6.251
2xj7,6,-6.147
2xj7,7,-6.046
2xj7,8,-6.026
2xj7,9,-5.881
3wtj,1,-6.905
3wtj,2,-6.849
3wtj,3,-6.553
3wtj,4,-6.325
3wtj,5,-6.215
3wtj,6,-5.449
3wtj,7,-5.424
3wtj,8,-4.27
3wtj,9,-3.975
3b65,1,-10.821
3b65,2,-9.679
2j7h,1,-6.148
2j7h,2,-6.106
2j7h,3,-6.023
2j7h,4,-5.787
2j7h,5,-5.743
2j7h,6,-5.686
2j7h,7,-5.574
2j7h,8,-5.544
2j7h,9,-5.199
2j7h,10,-5.079
2p15,1,-14.127
4w9c,1,-7.833
4w9c,2,-6.786
4w9c,3,-6.752
4w9c,4,-6.576
4w9c,5,-6.513
4w9c,6,-6.412
4w9c,7,-6.364
4w9c,8,-6.36
4w9c,9,-6.325
4w9c,10,-6.284
3tsk,1,-10.368
3tsk,2,-10.241
3tsk,3,-10.006
3tsk,4,-9.715
3tsk,5,-9.676
3tsk,6,-9.636
3tsk,7,-9.633
3tsk,8,-9.5
3tsk,9,-9.426
3tsk,10,-9.412
2qbp,1,-9.625
2qbp,2,-9.017
2qbp,3,-8.647
2qbp,4,-8.556
2qbp,5,-8.001
2qbp,6,-7.837
2qbp,7,-7.766
2qbp,8,-7.744
2qbp,9,-7.695
2qbp,10,-7.648
3syr,1,-9.954
3syr,2,-8.186
3syr,3,-7.844
3syr,4,-7.666
3syr,5,-7.217
3syr,6,-6.978
4qac,1,-11.457
4qac,2,-10.509
4qac,3,-10.462
4qac,4,-10.373
4qac,5,-10.244
4qac,6,-9.348
4qac,7,-8.802
4qac,8,-8.802
4ea2,1,-8.674
4ea2,2,-8.646
4ea2,3,-8.544
4ea2,4,-8.194
4ea2,5,-8.101
4ea2,6,-8.095
4ea2,7,-7.888
4ea2,8,-7.774
4ea2,9,-7.698
4ea2,10,-7.569
2brb,1,-8.326
2brb,2,-8.284
2brb,3,-8.09
2brb,4,-7.96
2brb,5,-7.911
2brb,6,-7.649
2brb,7,-7.454
2brb,8,-7.436
2brb,9,-7.226
2brb,10,-7.217
3arq,1,-11.127
3arq,2,-11.097
3arq,3,-10.863
3arq,4,-10.538
3arq,5,-10.497
3arq,6,-10.487
3arq,7,-10.397
3arq,8,-10.086
3arq,9,-10.02
3arq,10,-9.782
1o5b,1,-6.552
1o5b,2,-5.416
1o5b,3,-5.184
1o5b,4,-5.162
1o5b,5,-5.113
1o5b,6,-5.084
1o5b,7,-5.068
1o5b,8,-4.968
1o5b,9,-4.906
1o5b,10,-4.636
4kz6,1,-5.853
4kz6,2,-5.72
4kz6,3,-5.451
4kz6,4,-5.189
4kz6,5,-5.119
4kz6,6,-5.109
4kz6,7,-5.087
4kz6,8,-5.051
4kz6,9,-4.985
4kz6,10,-4.914
3ozs,1,-10.282
3ozs,2,-9.036
3ozs,3,-8.959
3ozs,4,-8.334
3ozs,5,-8.253
3ozs,6,-8.206
3ozs,7,-8.184
3ozs,8,-8.142
3ozs,9,-7.809
3ozs,10,-7.714
1c5z,1,-5.733
1c5z,2,-5.728
1c5z,3,-5.699
1c5z,4,-4.968
1c5z,5,-4.833
1c5z,6,-4.823
1c5z,7,-4.715
1c5z,8,-4.693
1c5z,9,-4.526
1c5z,10,-4.524
3n86,1,-11.914
3n86,2,-11.8
3n86,3,-9.72
3n86,4,-9.023
3f3a,1,-8.132
3f3a,2,-7.91
3f3a,3,-7.618
3f3a,4,-7.452
3f3a,5,-7.276
3f3a,6,-7.085
3f3a,7,-6.994
3f3a,8,-6.937
3f3a,9,-6.897
3f3a,10,-6.724
3pxf,1,-9.095
3pxf,2,-8.972
3pxf,3,-8.685
3pxf,4,-8.491
3pxf,5,-8.457
3pxf,6,-7.949
3pxf,7,-7.939
3pxf,8,-7.903
3pxf,9,-7.859
3pxf,10,-7.804
4f9w,1,-10.475
4f9w,2,-9.528
4f9w,3,-9.326
4f9w,4,-8.763
4f9w,5,-7.983
4f9w,6,-7.956
4f9w,7,-7.912
4f9w,8,-7.81
4f9w,9,-7.618
1eby,1,-12.23
1eby,2,-12.13
1eby,3,-11.52
1eby,4,-11.477
1eby,5,-11.403
1eby,6,-11.326
1eby,7,-11.155
1eby,8,-11.049
1eby,9,-10.902
1eby,10,-10.813
2v00,1,-7.763
2v00,2,-7.614
2v00,3,-7.201
2v00,4,-7.145
2v00,5,-7.124
2v00,6,-7.006
2v00,7,-6.97
2v00,8,-6.95
2v00,9,-6.916
2v00,10,-6.78
4abg,1,-5.929
4abg,2,-5.792
4abg,3,-5.256
4abg,4,-5.191
4abg,5,-5.178
4abg,6,-5.147
4abg,7,-5.119
4abg,8,-5.054
4abg,9,-4.829
4abg,10,-4.697
2wbg,1,-8.527
2wbg,2,-8.317
2wbg,3,-8.16
2wbg,4,-8.023
2wbg,5,-7.855
2wbg,6,-7.776
2wbg,7,-7.696
2wbg,8,-7.403
2wbg,9,-7.387
1gpn,1,-11.111
1gpn,2,-10.403
1gpn,3,-10.389
1gpn,4,-10.2
1gpn,5,-9.984
1gpn,6,-9.183
1gpn,7,-9.0
1gpn,8,-8.995
1gpn,9,-8.414
1lpg,1,-10.161
1lpg,2,-10.022
1lpg,3,-9.882
1lpg,4,-9.771
1lpg,5,-9.754
1lpg,6,-9.743
1lpg,7,-9.735
1lpg,8,-9.61
1lpg,9,-9.558
1lpg,10,-9.321
3g2z,1,-6.855
3g2z,2,-6.823
3g2z,3,-6.625
3g2z,4,-6.53
3g2z,5,-6.52
3g2z,6,-6.162
3g2z,7,-6.065
3g2z,8,-6.025
3g2z,9,-5.912
3g2z,10,-5.896
3e5a,1,-9.706
3e5a,2,-9.6
3e5a,3,-8.566
3e5a,4,-8.498
3e5a,5,-8.497
3e5a,6,-8.397
3e5a,7,-8.331
3e5a,8,-8.249
3e5a,9,-8.139
3e5a,10,-7.999
1mq6,1,-9.453
1mq6,2,-9.304
1mq6,3,-8.93
1mq6,4,-8.809
1mq6,5,-8.756
1mq6,6,-8.481
1mq6,7,-7.989
1mq6,8,-7.852
1mq6,9,-7.703
1mq6,10,-7.51
1p1q,1,-7.543
1p1q,2,-7.467
1p1q,3,-7.403
1p1q,4,-7.296
1p1q,5,-7.275
1p1q,6,-7.111
1p1q,7,-7.053
1p1q,8,-6.935
1p1q,9,-6.624
1p1q,10,-6.479
4x6p,1,-10.99
4x6p,2,-10.917
4x6p,3,-10.015
4x6p,4,-9.769
4x6p,5,-9.468
4x6p,6,-9.38
4x6p,7,-9.36
4x6p,8,-9.332
4x6p,9,-9.28
4x6p,10,-9.201
3zdg,1,-5.756
3zdg,2,-5.744
3zdg,3,-5.287
3zdg,4,-5.227
3zdg,5,-5.206
3zdg,6,-4.967
3zdg,7,-4.916
3zdg,8,-4.905
3zdg,9,-4.812
3zdg,10,-4.701
1o3f,1,-8.856
1o3f,2,-8.413
1o3f,3,-8.323
1o3f,4,-7.699
1o3f,5,-7.547
1o3f,6,-7.034
1o3f,7,-6.787
1o3f,8,-6.749
1o3f,9,-6.557
4pcs,1,-7.411
4pcs,2,-6.317
4pcs,3,-6.276
4pcs,4,-6.162
4pcs,5,-6.087
4pcs,6,-5.99
4pcs,7,-5.985
4pcs,8,-5.551
4pcs,9,-5.522
4pcs,10,-5.506
4eky,1,-10.017
4eky,2,-8.215
4eky,3,-7.813
4eky,4,-7.653
4eky,5,-7.571
4eky,6,-7.274
4eky,7,-7.223
3lka,1,-6.904
3lka,2,-6.831
3lka,3,-6.764
3lka,4,-6.762
3lka,5,-6.66
3lka,6,-6.403
3lka,7,-6.369
3lka,8,-6.257
3lka,9,-6.025
3lka,10,-5.994
2wca,1,-8.448
2wca,2,-8.415
2wca,3,-8.059
2wca,4,-7.947
2wca,5,-7.946
2wca,6,-7.763
2wca,7,-7.568
2wca,8,-7.499
2wca,9,-7.446
2wca,10,-7.312
4j21,1,-11.849
4j21,2,-10.308
4j21,3,-10.241
4j21,4,-9.768
4j21,5,-9.713
4j21,6,-9.004
3rr4,1,-8.456
3rr4,2,-7.739
3rr4,3,-7.543
3rr4,4,-7.32
3rr4,5,-7.281
3rr4,6,-7.219
3rr4,7,-7.18
3rr4,8,-7.175
3rr4,9,-7.115
3rr4,10,-6.813
2iwx,1,-9.019
2iwx,2,-7.471
2iwx,3,-6.995
2iwx,4,-6.979
2iwx,5,-6.938
2iwx,6,-6.919
2iwx,7,-6.891
2iwx,8,-6.753
2iwx,9,-6.656
2iwx,10,-6.48
3mss,1,-7.321
3mss,2,-7.303
3mss,3,-7.297
3mss,4,-7.262
3mss,5,-7.066
3mss,6,-7.011
3mss,7,-6.749
3mss,8,-6.596
3mss,9,-6.536
3mss,10,-6.315
1y6r,1,-9.843
3g0w,1,-11.144
3g0w,2,-8.168
1nc3,1,-9.801
1nc3,2,-7.184
4k77,1,-8.162
4k77,2,-8.113
4k77,3,-7.856
4k77,4,-7.844
4k77,5,-7.747
4k77,6,-7.618
4k77,7,-7.533
4k77,8,-7.455
4k77,9,-7.38
4k77,10,-7.289
3n76,1,-11.025
3n76,2,-10.985
3n76,3,-9.528
3n76,4,-9.259
3n76,5,-9.247
3o9i,1,-10.157
3o9i,2,-9.436
3o9i,3,-9.402
3o9i,4,-9.239
3o9i,5,-9.191
3o9i,6,-9.084
3o9i,7,-9.049
3o9i,8,-9.039
3o9i,9,-9.039
3o9i,10,-9.033
3nw9,1,-12.156
3nw9,2,-10.526
3nw9,3,-10.438
3nw9,4,-10.171
3nw9,5,-10.005
3nw9,6,-9.652
3nw9,7,-9.425
3nw9,8,-9.422
3nw9,9,-9.349
3nw9,10,-9.261
3ejr,1,-8.906
3ejr,2,-8.891
3ejr,3,-8.801
3ejr,4,-7.573
3ejr,5,-7.528
3ejr,6,-7.495
3ejr,7,-7.081
3ejr,8,-7.044
3ejr,9,-6.995
3ejr,10,-6.745
3kwa,1,-4.504
3kwa,2,-4.466
3kwa,3,-4.45
3kwa,4,-4.434
3kwa,5,-4.372
3kwa,6,-4.367
3kwa,7,-4.254
3kwa,8,-4.174
3kwa,9,-4.122
3kwa,10,-4.038
3qgy,1,-9.415
3qgy,2,-9.39
3qgy,3,-9.299
3qgy,4,-9.218
3qgy,5,-8.979
3qgy,6,-8.798
3qgy,7,-8.607
3qgy,8,-8.558
3qgy,9,-8.468
3qgy,10,-8.369
3p5o,1,-9.374
3p5o,2,-9.011
3p5o,3,-8.391
3p5o,4,-8.318
3p5o,5,-7.667
3p5o,6,-7.235
3p5o,7,-7.109
3p5o,8,-7.046
3p5o,9,-7.007
3p5o,10,-6.836
2xdl,1,-6.488
2xdl,2,-6.286
2xdl,3,-6.189
2xdl,4,-6.09
2xdl,5,-5.961
2xdl,6,-5.947
2xdl,7,-5.876
2xdl,8,-5.791
2xdl,9,-5.613
2xdl,10,-5.544
3ozt,1,-10.277
3ozt,2,-9.158
3ozt,3,-8.79
3ozt,4,-8.776
3ozt,5,-8.682
3ozt,6,-8.487
3ozt,7,-8.204
3ozt,8,-8.09
3ozt,9,-8.006
3ozt,10,-7.835
3u8k,1,-7.286
3u8k,2,-6.893
3u8k,3,-5.397
3u8k,4,-5.247
3u8k,5,-5.101
3u8k,6,-4.973
3u8k,7,-4.783
3u8k,8,-4.714
3u8k,9,-4.583
3u8k,10,-4.465
1bzc,1,-9.721
1bzc,2,-9.682
1bzc,3,-9.452
1bzc,4,-9.405
1bzc,5,-9.274
1bzc,6,-9.032
1bzc,7,-8.826
1bzc,8,-8.511
1bzc,9,-8.383
1bzc,10,-8.31
2p4y,1,-11.614
2p4y,2,-11.318
2p4y,3,-9.968
2p4y,4,-9.696
2p4y,5,-9.494
2p4y,6,-9.439
2p4y,7,-9.28
2p4y,8,-9.177
2p4y,9,-9.13
2p4y,10,-9.04
3myg,1,-7.967
3myg,2,-7.938
3myg,3,-7.907
3myg,4,-7.896
3myg,5,-7.816
3myg,6,-7.797
3myg,7,-7.788
3myg,8,-7.614
3myg,9,-7.599
3myg,10,-7.577
3acw,1,-10.985
3acw,2,-10.969
3acw,3,-10.376
3acw,4,-10.368
3acw,5,-10.347
3acw,6,-9.586
3acw,7,-9.192
3dd0,1,-6.981
3dd0,2,-6.868
3dd0,3,-6.682
3dd0,4,-6.409
3dd0,5,-6.267
3dd0,6,-6.038
3dd0,7,-5.837
3dd0,8,-5.725
3dd0,9,-5.687
3dd0,10,-5.457
3bv9,1,-8.929
3bv9,2,-8.668
3bv9,3,-8.665
3bv9,4,-8.572
3bv9,5,-8.426
3bv9,6,-8.412
3bv9,7,-8.204
3bv9,8,-8.115
3bv9,9,-8.115
3bv9,10,-7.88
4crc,1,-10.373
4crc,2,-10.102
4crc,3,-10.063
4crc,4,-9.907
4crc,5,-9.765
4crc,6,-9.53
4crc,7,-9.405
4crc,8,-9.248
4crc,9,-9.2
4crc,10,-9.087
3ge7,1,-10.746
3ge7,2,-10.508
3ge7,3,-9.015
3ge7,4,-8.541
3ge7,5,-8.394
3ge7,6,-8.282
3ge7,7,-8.172
3ge7,8,-8.094
3ge7,9,-8.063
3ge7,10,-7.753
3jya,1,-8.237
3jya,2,-8.09
3jya,3,-7.998
3jya,4,-7.884
3jya,5,-7.862
3jya,6,-7.617
3jya,7,-7.598
3jya,8,-7.588
3jya,9,-7.4
4rfm,1,-11.514
4rfm,2,-11.467
4rfm,3,-11.379
4rfm,4,-11.324
4rfm,5,-11.119
4rfm,6,-11.079
4rfm,7,-10.851
4rfm,8,-10.692
4rfm,9,-10.643
4rfm,10,-10.398
1z9g,1,-5.926
1z9g,2,-5.777
1z9g,3,-5.678
1z9g,4,-5.657
1z9g,5,-5.585
1z9g,6,-5.378
1z9g,7,-5.274
1z9g,8,-5.263
1z9g,9,-5.257
1z9g,10,-5.245
2hb1,1,-6.353
2hb1,2,-6.322
2hb1,3,-6.118
2hb1,4,-5.572
2hb1,5,-5.338
2hb1,6,-5.255
2hb1,7,-5.014
2hb1,8,-5.009
2hb1,9,-4.589
2hb1,10,-4.474
4f3c,1,-9.735
5aba,1,-5.966
5aba,2,-5.788
5aba,3,-5.699
5aba,4,-5.691
5aba,5,-5.464
5aba,6,-5.379
5aba,7,-5.316
5aba,8,-5.259
5aba,9,-5.228
5aba,10,-5.142
1bcu,1,-7.465
1bcu,2,-7.392
1bcu,3,-7.377
1bcu,4,-7.099
1bcu,5,-6.862
1bcu,6,-6.782
1bcu,7,-6.746
1bcu,8,-6.592
1bcu,9,-6.514
1bcu,10,-6.491
2zcr,1,-10.007
2zcr,2,-9.916
2zcr,3,-9.836
2zcr,4,-9.812
2zcr,5,-9.765
2zcr,6,-9.62
2zcr,7,-9.596
2zcr,8,-9.543
2zcr,9,-9.404
2zcr,10,-9.106
4llx,1,-5.147
4llx,2,-5.137
4llx,3,-5.034
4llx,4,-4.942
4llx,5,-4.686
4llx,6,-4.647
4llx,7,-4.629
4llx,8,-4.613
4llx,9,-4.509
4llx,10,-4.418
3f3d,1,-5.904
3f3d,2,-5.883
3f3d,3,-4.683
3f3d,4,-4.657
3f3d,5,-4.597
3f3d,6,-3.606
3f3d,7,-3.557
3f3d,8,-3.219
2wnc,1,-8.537
2wnc,2,-7.975
2wnc,3,-7.824
2wnc,4,-7.484
2wnc,5,-7.46
2wnc,6,-7.358
2wnc,7,-7.268
2wnc,8,-7.125
2wnc,9,-7.063
2wnc,10,-6.927
3twp,1,-5.346
3twp,2,-5.207
3twp,3,-5.198
3twp,4,-5.153
3twp,5,-5.133
3twp,6,-5.036
3twp,7,-4.996
3twp,8,-4.916
3twp,9,-4.888
3twp,10,-4.729
3d4z,1,-6.896
3d4z,2,-6.145
3d4z,3,-5.818
3d4z,4,-5.742
3d4z,5,-5.575
3d4z,6,-5.571
3d4z,7,-5.559
3d4z,8,-5.532
3d4z,9,-5.438
3d4z,10,-5.351
3e93,1,-14.287
3e93,2,-13.617
3e93,3,-13.26
3e93,4,-12.663
3e93,5,-12.024
3e93,6,-11.336
2qnq,1,-10.314
2qnq,2,-9.61
2qnq,3,-9.465
2qnq,4,-9.287
2qnq,5,-9.166
2qnq,6,-9.094
2qnq,7,-9.087
2qnq,8,-9.069
2qnq,9,-9.037
2qnq,10,-8.847
4gkm,1,-8.615
4gkm,2,-8.558
4gkm,3,-8.43
4gkm,4,-8.429
4gkm,5,-8.396
4gkm,6,-8.29
4gkm,7,-8.048
4gkm,8,-7.736
4gkm,9,-7.672
3gnw,1,-12.674
3gnw,2,-10.984
3gnw,3,-10.505
3gnw,4,-10.227
3gnw,5,-10.119
3gnw,6,-9.979
3gnw,7,-9.902
1s38,1,-8.096
1s38,2,-6.128
1s38,3,-6.059
1s38,4,-5.861
1s38,5,-5.81
1s38,6,-5.8
1s38,7,-5.785
1s38,8,-5.672
1s38,9,-5.608
2yfe,1,-7.862
2yfe,2,-7.808
2yfe,3,-7.523
2yfe,4,-7.517
2yfe,5,-7.503
2yfe,6,-7.384
2yfe,7,-7.321
2yfe,8,-7.282
2yfe,9,-7.232
2yfe,10,-7.126
2xbv,1,-11.439
2xbv,2,-10.815
2xbv,3,-10.803
2xbv,4,-9.504
2xbv,5,-9.493
2xbv,6,-8.919
2xbv,7,-8.838
2xbv,8,-8.725
2xbv,9,-8.646
2xbv,10,-8.565
4jia,1,-9.7
4jia,2,-9.592
4jia,3,-9.32
4jia,4,-9.139
4jia,5,-9.104
4jia,6,-9.1
4jia,7,-8.95
4jia,8,-8.932
4jia,9,-8.82
4jia,10,-8.76
2wvt,1,-6.298
2wvt,2,-5.718
2wvt,3,-5.616
2wvt,4,-5.43
2wvt,5,-5.358
2wvt,6,-5.297
2wvt,7,-5.012
2wvt,8,-4.87
2wvt,9,-4.831
2wvt,10,-4.792
3wz8,1,-9.736
3wz8,2,-9.397
3wz8,3,-9.124
3wz8,4,-9.061
3wz8,5,-9.029
3wz8,6,-9.021
3wz8,7,-8.957
3wz8,8,-8.848
3wz8,9,-8.785
3wz8,10,-8.778
3pyy,1,-9.107
3pyy,2,-9.007
3pyy,3,-8.535
3pyy,4,-8.016
3pyy,5,-7.608
3pyy,6,-7.519
3pyy,7,-7.488
3pyy,8,-7.488
3pyy,9,-7.388
3pyy,10,-7.349
2zy1,1,-9.637
2zy1,2,-9.628
2zy1,3,-9.577
2zy1,4,-9.375
2zy1,5,-9.359
2zy1,6,-9.239
2zy1,7,-9.211
2zy1,8,-9.114
2zy1,9,-9.107
2zy1,10,-9.091
3n7a,1,-7.588
3n7a,2,-7.225
3n7a,3,-7.158
3n7a,4,-6.127
3n7a,5,-6.077
3n7a,6,-6.067
3n7a,7,-6.002
3n7a,8,-5.982
3n7a,9,-5.924
3n7a,10,-5.681
2pog,1,-10.271
2pog,2,-8.611
2pog,3,-8.168
4cra,1,-10.043
4cra,2,-9.935
4cra,3,-9.699
4cra,4,-9.577
4cra,5,-9.441
4cra,6,-9.323
4cra,7,-9.282
4cra,8,-9.278
4cra,9,-9.212
4cra,10,-9.141
3d6q,1,-6.578
3d6q,2,-6.526
3d6q,3,-6.481
3d6q,4,-6.279
3d6q,5,-6.188
3d6q,6,-6.061
3d6q,7,-6.016
3d6q,8,-5.989
3d6q,9,-5.907
3d6q,10,-5.89
1syi,1,-9.102
1syi,2,-7.048
1syi,3,-6.328
2w66,1,-8.024
2w66,2,-6.608
2w66,3,-6.602
2w66,4,-5.94
2w66,5,-5.896
2w66,6,-5.869
2w66,7,-5.832
2w66,8,-5.708
2w66,9,-5.644
2w66,10,-5.452
4gid,1,-12.147
4gid,2,-11.294
4gid,3,-10.617
4gid,4,-9.788
4gid,5,-9.275
3ebp,1,-9.878
3ebp,2,-9.862
3ebp,3,-9.427
3ebp,4,-9.178
3ebp,5,-8.958
3ebp,6,-8.955
3ebp,7,-8.893
3ebp,8,-8.587
3ebp,9,-8.404
3ebp,10,-8.327
3fcq,1,-5.496
3fcq,2,-5.391
3fcq,3,-5.342
3fcq,4,-5.302
3fcq,5,-5.201
3fcq,6,-5.142
3fcq,7,-5.141
3fcq,8,-5.113
3fcq,9,-5.047
3fcq,10,-5.031
1nc1,1,-8.519
3ivg,1,-10.046
3ivg,2,-9.836
3ivg,3,-9.712
3ivg,4,-9.515
3ivg,5,-9.48
3ivg,6,-9.274
3ivg,7,-9.114
3ivg,8,-9.093
3ivg,9,-9.077
3ivg,10,-8.948
2zb1,1,-11.12
2zb1,2,-11.036
2zb1,3,-10.945
2zb1,4,-9.308
2zb1,5,-9.046
2zb1,6,-8.926
2zb1,7,-8.722
2zb1,8,-8.556
2zb1,9,-8.545
2zb1,10,-8.319
3uew,1,-6.555
3uew,2,-6.529
3uew,3,-6.511
3uew,4,-6.406
3uew,5,-6.294
3uew,6,-6.256
3uew,7,-6.187
3uew,8,-6.16
3uew,9,-6.119
3uew,10,-6.094
1h23,1,-11.321
1h23,2,-10.556
1h23,3,-10.505
1h23,4,-10.453
1h23,5,-10.392
1h23,6,-10.288
1h23,7,-10.278
1h23,8,-10.157
1h23,9,-10.123
1h23,10,-10.091
3b27,1,-7.089
3b27,2,-6.845
3b27,3,-6.77
3b27,4,-6.363
3b27,5,-6.26
3b27,6,-6.243
3b27,7,-6.239
3b27,8,-6.2
3b27,9,-6.038
3b27,10,-5.894
4cig,1,-8.326
4cig,2,-8.214
4cig,3,-8.065
4cig,4,-8.046
4cig,5,-8.025
4cig,6,-7.887
4cig,7,-7.85
4cig,8,-7.721
4cig,9,-7.719
4cig,10,-7.666
3rlr,1,-9.573
3rlr,2,-8.162
3rlr,3,-7.707
3rlr,4,-7.67
3rlr,5,-7.393
3rlr,6,-7.183
3rlr,7,-7.051
3rlr,8,-6.845
3rlr,9,-6.822
3rlr,10,-6.657
4ddk,1,-6.335
4ddk,2,-6.318
4ddk,3,-6.221
4ddk,4,-6.19
4ddk,5,-6.002
4ddk,6,-5.922
4ddk,7,-5.868
4ddk,8,-5.844
4ddk,9,-5.801
4ddk,10,-5.7
3nq9,1,-4.4
3nq9,2,-4.397
3nq9,3,-4.309
3nq9,4,-4.264
3nq9,5,-4.247
3nq9,6,-4.216
3nq9,7,-4.081
3nq9,8,-4.066
3nq9,9,-3.983
4jfs,1,-7.214
4jfs,2,-7.089
4jfs,3,-5.834
4jfs,4,-5.636
4jfs,5,-5.548
4jfs,6,-5.53
4jfs,7,-5.474
4jfs,8,-5.472
4jfs,9,-5.353
4jfs,10,-5.158
2xb8,1,-11.08
2xb8,2,-10.848
2xb8,3,-8.91
2xb8,4,-8.78
4mgd,1,-8.688
4mgd,2,-8.628
4mgd,3,-8.606
4mgd,4,-8.372
4mgd,5,-8.244
4mgd,6,-7.416
4mgd,7,-6.871
4mgd,8,-6.47
4mgd,9,-6.282
4mgd,10,-6.228
1uto,1,-4.506
1uto,2,-4.474
1uto,3,-4.462
1uto,4,-4.427
1uto,5,-4.416
1uto,6,-4.4
1uto,7,-3.958
1uto,8,-3.855
1uto,9,-3.773
1uto,10,-3.681
2wtv,1,-11.606
2wtv,2,-11.599
2wtv,3,-10.905
2wtv,4,-10.585
2wtv,5,-10.067
2wtv,6,-10.062
2wtv,7,-9.429
2wtv,8,-9.349
2wtv,9,-8.705
1z6e,1,-11.186
1z6e,2,-11.104
1z6e,3,-8.994
1z6e,4,-8.758
1z6e,5,-8.743
1z6e,6,-8.685
1z6e,7,-8.684
1z6e,8,-8.482
1z6e,9,-8.472
1z6e,10,-8.454
3kgp,1,-5.732
3kgp,2,-5.689
3kgp,3,-5.214
3kgp,4,-5.207
3kgp,5,-5.19
3kgp,6,-4.86
3kgp,7,-4.819
3kgp,8,-4.72
3kgp,9,-4.717
3kgp,10,-4.666
4agq,1,-7.012
4agq,2,-6.992
4agq,3,-6.981
4agq,4,-6.971
4agq,5,-6.895
4agq,6,-6.428
4agq,7,-6.246
4agq,8,-6.062
4agq,9,-6.03
4agq,10,-5.886
3prs,1,-9.77
3prs,2,-9.697
3prs,3,-9.643
3prs,4,-9.291
3prs,5,-9.274
3prs,6,-9.153
3prs,7,-9.085
3prs,8,-8.968
3prs,9,-8.919
3prs,10,-8.811
4ddh,1,-6.987
4ddh,2,-6.556
4ddh,3,-6.526
4ddh,4,-6.484
4ddh,5,-6.478
4ddh,6,-6.435
4ddh,7,-6.315
4ddh,8,-6.293
4ddh,9,-6.267
3oe4,1,-10.537
3oe4,2,-9.256
3oe4,3,-9.212
3oe4,4,-9.201
3oe4,5,-9.108
3oe4,6,-8.931
3oe4,7,-8.888
3oe4,8,-8.818
3oe4,9,-8.763
3oe4,10,-8.56
3g31,1,-4.978
3g31,2,-4.935
3g31,3,-4.835
3g31,4,-4.802
3g31,5,-4.782
3g31,6,-4.767
3g31,7,-4.755
3g31,8,-4.751
3g31,9,-4.683
3g31,10,-4.526
4jsz,1,-4.863
4jsz,2,-4.855
4jsz,3,-4.828
4jsz,4,-4.808
4jsz,5,-4.66
4jsz,6,-4.601
4jsz,7,-4.483
4jsz,8,-4.418
4jsz,9,-4.249
4jsz,10,-4.09
3udh,1,-7.592
3udh,2,-6.969
3udh,3,-6.726
3udh,4,-6.671
3udh,5,-6.659
3udh,6,-6.531
3udh,7,-6.506
3udh,8,-6.504
3udh,9,-6.5
3udh,10,-6.19
4w9l,1,-9.139
4w9l,2,-8.829
4w9l,3,-8.794
4w9l,4,-7.343
4w9l,5,-7.121
4w9l,6,-7.094
4w9l,7,-7.047
4w9l,8,-7.005
4w9l,9,-6.85
4w9l,10,-6.832
2cbv,1,-7.247
2cbv,2,-6.539
2cbv,3,-6.241
2cbv,4,-5.962
2cbv,5,-5.943
2cbv,6,-5.55
2cbv,7,-5.425
2cbv,8,-5.288
2cbv,9,-5.232
4j28,1,-7.429
4j28,2,-7.315
4j28,3,-6.881
4j28,4,-6.675
4j28,5,-6.507
4j28,6,-6.431
4j28,7,-6.388
4j28,8,-6.383
4j28,9,-6.174
4j28,10,-6.051
2j78,1,-6.676
2j78,2,-6.408
2j78,3,-6.16
2j78,4,-6.107
2j78,5,-6.04
2j78,6,-5.941
2j78,7,-5.834
2j78,8,-5.833
2j78,9,-5.802
2j78,10,-5.802
3bgz,1,-10.938
3bgz,2,-9.871
3bgz,3,-9.667
3bgz,4,-9.584
3bgz,5,-9.438
3bgz,6,-9.181
3bgz,7,-9.173
3bgz,8,-9.169
3bgz,9,-8.966
